Alanine,Arginine,Asparagine,Aspartate,Cysteine,Glutamate,Glutamine,Glycine,Histidine,Leucine,Isoleucine,Lysine,Methionine,Phenylalanine,Proline,Serine,Threonine,Tryptophan,Tyrosine,Valine,Cystine,AMP,Adenosine,Adenine,GMP,Cytidine,Cytosine,Thymidine,Thymine,UMP,Uracil,IDP,IMP,Inosine,Hypoxanthine,Xanthine,Allantoate,(S)(+)-Allantoin,5-Hydroxyisourate,Urate,Pyridoxal,4-Pyridoxate,Pyridoxamine 5'-phosphate,Nicotinamide,Phosphate,Diphosphate,D-Glucose,D-Hexose 6-phosphate,D-Glyceraldehyde 3-phosphate,"Glyceric acid 1,3-biphosphate",2-Phospho-D-glyceric acid,Pyruvate,Lactate,Maltose,Mannitol,D-Ribose,D-Arabitol,Citrate,2-Oxoglutarate,2-Oxoglutaramate,Succinate,Fumarate,Malate,2-Hydroxyglutarate,alpha-D-Ribose 1-phosphate,Glutathione,Glutathione disulfide,5-Oxoproline,S-Glutathionyl-L-cysteine,Dehydroascorbate,gamma-Glutamyl-Se-methylselenocysteine,gamma-L-Glutamyl-D-alanine,gamma-Glutamyl-gamma-aminobutyrate,(5-L-Glutamyl)-L-glutamine,L-Homocysteine,Dimethylglycine,Ornithine,L-Citrulline,Putrescine,Spermidine,Spermine,Carnosine,5-Guanidino-2-oxopentanoate,Creatine,Creatinine,4-Acetamidobutanoate,Guanidinoacetate,trans-4-Hydroxy-L-proline,Pantothenate,Taurine,Hypotaurine,L-Methionine S-oxide,5-Hydroxyindoleacetate,3-Methyleneoxindole,Indole,Indole-3-acetaldehyde,Indole-3-acetate,Indoxyl,6-Hydroxykynurenic acid,kynurenine,L-Formylkynurenine,Anthranilate,Picolinic acid,L-Adrenaline,Serotonin,Glycerol 3-phosphate,Ethanolamine phosphate,Choline,L-Carnitine,CAR 3:0,CAR 4:0,CAR 4:0;O,CAR 5:0,CAR 5:0;O,CAR 6:0,CAR 6:1;O2,CAR 8:0,CAR 8:1,CAR 10:0,CAR 10:1,CAR 12:0,CAR 12:1,CAR 14:0,CAR 14:1,CAR 16:0,CAR 16:1,CAR 18:0,CAR 18:1,Linoleoyl-CoA,Butanoic acid,Heptanoic acid,Octanoic acid,Nonanoic acid ,Decanoic acid ,Dodecanoic acid,Tetradecanoic acid,Hexadecanoic acid,Stearic acid,Myristoleic acid,Hexadecenoic acid,Oleic acid,Linoleate,Linolenic acid,Arachidonic acid,Eicosapentaenoic acid,Docosahexaenoic acid,Dodecanedioic acid,Docosapentaenoic acid,Cholic acid,Glycocholate,Taurocholate,Taurochenodeoxycholate,Deoxycholic acid,13(S)-HODE,9(S)-HODE,Triacanthine,2-Methyleneglutarate,6-Pyruvoyltetrahydropterin,6-Lactoyltetrahydropterin,4-Aminobenzoate,Leucocyanidin,Methylenediurea,beta-Butoxyethyl nicotinate,3-Oxalomalate,cis-p-Coumarate,N6-Methyl-L-lysine,"D-Glucono-1,5-lactone",Catechin,Glucosinolate,Pyridoxamine,N-Amidino-L-aspartate,N-Acyl-D-glutamate,6-Carboxyhexanoate,N-Acetylmethionine,"7,8-Dihydroxycoumarin",10-Hydroxydecanoic acid,trans-Homoaconitate,2-Oxo-7-methylthioheptanoic acid,L-Homocitrulline,Homomethionine,TMAO,Betaine,3-Indolepropionic acid,Indole-3-carbinol
24.89465149,22.2184441,21.61218819,20.1972995,13.7957353,20.35516503,24.90497141,20.81705391,20.46929999,26.747815,28.54523245,24.03286574,27.897193,26.89755483,25.70765442,19.68532028,21.40915731,27.23824642,27.24915213,25.41469107,16.16529959,16.51720802,15.72318096,20.5379511,0,21.232685,19.30023859,17.85008304,19.31104093,0,21.0386337,22.82552385,13.00369358,21.07050948,21.74598487,22.22357311,18.46707613,20.18325373,20.60764728,23.88676427,22.4014897,19.53579175,19.72388755,22.50777263,26.14857202,21.56300537,27.86511761,17.62746264,26.66303968,14.69881317,17.05720909,22.77823779,28.5792022,16.08756643,20.39811947,22.1007358,19.33528785,26.06628773,20.41306695,18.24594259,26.46453536,19.84590347,24.43486648,21.89068028,18.74635358,14.03411115,20.2159524,22.66294061,19.22255909,20.62989641,16.00895378,20.72866126,16.14493701,18.91028553,13.84499992,21.56717253,21.49543347,22.65206353,18.88189065,20.90984549,14.27830425,17.32708769,16.84799935,24.49209835,20.73394958,20.9694336,19.07745728,21.10501905,21.03905358,21.53956258,15.73062934,19.76203485,20.08658461,17.89685861,15.0540107,17.45198378,20.2183764,21.53530196,14.39967847,18.3188164,16.50542391,21.38310676,17.56150425,16.86909978,17.26799365,20.27926144,18.93961652,24.17981124,25.20672506,24.482553,24.85793768,20.24513718,23.19631576,19.29911856,21.80919858,16.77056066,19.61843031,17.93909707,19.21919452,17.36827625,19.03028456,16.97526583,18.96709677,18.17200747,18.22533455,16.43976597,16.6347118,18.47902235,18.32201615,17.81537079,18.89229081,20.76771247,23.65032483,25.76522379,24.81921135,24.93755598,27.54367628,26.30320289,20.62693619,23.14380607,26.31975537,26.50279835,23.42645276,24.5600722,20.58050517,23.49817321,18.18441533,21.47894239,16.65620138,12.89784546,22.40707245,18.74158878,19.42894283,19.78308456,17.97644106,26.31594207,23.54892007,17.69122553,16.8152582,21.38310676,22.69633912,17.98613647,17.0170041,18.80042914,19.55464506,19.43457326,21.80150747,21.49635546,18.74096326,20.23379753,17.93896503,15.35380157,13.53515385,17.8423442,16.42547819,19.27444641,18.01669405,20.49130803,18.44830186,18.42247135,20.97806312,25.81288082,21.01971712,13.80298171
24.7146098,19.14161324,21.7310853,19.77902677,13.85516048,20.43873907,24.73814428,21.03227716,20.07675298,27.1568088,28.65513533,23.67544551,26.96411799,27.29277284,25.42398648,19.25954789,21.2483822,27.05766488,26.76556424,25.54052654,16.10909606,18.8106187,17.0919002,21.49831067,16.57383946,20.54130935,18.62823548,16.43890553,18.16415565,15.84340585,21.262521,22.31163885,14.19344836,19.99841414,24.21053766,23.25333882,18.86137168,19.90017546,21.15776386,23.68882133,21.52102192,19.64886487,19.50000934,23.47438885,25.33242345,20.25432742,28.20447264,18.12230731,26.34000601,14.05120894,16.38353555,22.21979984,28.41119971,20.13093122,20.36896145,22.5165568,19.00762137,25.32635127,18.44622715,18.33451772,26.13380057,19.39843684,24.0099522,21.81970861,19.88119762,0,21.80960761,22.71214345,19.35661101,20.5235007,17.26296653,19.51640026,16.71870678,17.60670883,14.04891254,21.64882362,22.42854241,22.34003833,18.46456968,22.39092438,18.95487503,14.27612441,16.9677216,24.59318314,20.23050601,20.92005404,17.59940439,20.83546294,20.94234483,21.22255319,0,18.76065823,19.40065016,17.60172727,15.20754821,22.02853439,19.6518663,19.94035805,16.64630556,18.73603191,17.21503998,20.71157204,18.0403807,13.8206776,22.01381369,20.57782986,19.46388154,24.09688892,24.68037439,24.31289216,24.2399885,20.04494903,23.12322565,18.33858406,21.51531003,18.41666148,18.99379254,17.68972504,18.25861664,16.89031178,19.1500745,17.45669932,18.11638458,17.58607743,17.58834865,15.77272695,16.20583142,18.22085536,17.54200407,18.2041938,18.58043156,20.81802117,23.18110432,24.68140373,23.78337567,24.06659944,27.09227603,25.83756516,19.89015738,23.1286654,25.43248376,25.54460601,22.21645606,23.76549503,20.00020086,23.09826811,17.66927956,20.1556953,16.65374078,12.73999151,21.755659,17.40817215,18.33199283,18.06110218,17.26968373,25.93158437,23.86252736,17.3394064,16.59668478,20.71157204,24.07128698,17.84613922,16.66765212,18.60359375,18.34041518,19.15169542,21.98651669,22.62575142,18.77005408,19.93133339,17.62947758,13.88445674,18.66199376,17.81926851,16.07250948,18.01865117,18.19788858,19.63014268,18.74804868,18.67177255,19.96659135,25.59724845,19.3019943,0
24.94955998,22.11404762,21.52746794,19.9560301,13.53527538,19.99884657,24.9226886,20.78266794,20.860427,27.00772894,28.74925578,24.10819381,27.70661846,27.06859762,25.799882,19.48435286,20.89042683,27.23086728,27.06542592,25.40334232,16.40710176,17.49027115,17.33906708,20.38278337,15.85096815,21.39378845,19.51924655,18.45463265,20.09958539,15.05010372,21.18450552,22.82057223,14.74682919,20.51164457,23.64058575,23.07900276,18.59243514,20.37433588,20.38125777,23.96928911,21.8187378,19.73671572,19.08306374,23.22353806,25.85833116,21.56390706,27.52732807,17.4871099,26.21043616,14.71708732,16.67279823,22.89316764,28.50998354,14.8591465,20.13547383,21.70870587,18.83402038,25.91463219,20.50757207,18.29485405,25.97259117,19.91165823,24.29415214,21.8844914,18.98596976,15.83001996,20.67354545,22.66864157,19.56700166,21.43933581,16.60193034,20.80679267,15.69283342,19.12913709,15.74779962,21.34404445,21.88581961,22.17511488,19.16859623,21.75520422,17.41021945,14.95374176,17.29149449,24.59253887,20.51598851,19.88425699,19.02418196,21.23060745,21.20326077,21.1374715,15.61519856,19.05319143,20.05539631,18.13788671,15.86884666,20.65754961,19.69375918,21.28585258,15.8211013,18.45831048,17.00560262,21.18200086,17.71460105,17.26098383,20.49657978,20.39162225,19.01751528,24.33627561,24.79750871,24.33752425,24.31386168,19.97492567,22.68573155,19.47949214,20.73486588,17.90071943,18.1640083,17.50636182,17.52206807,16.8732879,17.73896966,16.93000962,17.54773804,17.30783228,18.14359248,15.69506513,16.83692563,17.86640358,17.29652193,17.47242113,17.81572101,20.39379369,22.74300651,23.94000356,23.38031243,23.87965737,27.21680525,25.9658072,19.77778987,22.85640634,25.69938783,25.83829712,22.64095472,24.22622982,20.17626204,23.07606628,17.65152825,20.56423882,17.7666389,14.69978932,21.54832806,17.46100774,18.3806513,18.47452588,17.17286695,26.15908962,23.08432052,17.53792362,17.15887591,21.18200086,22.83621817,17.97311997,16.89243609,18.86825286,19.31739053,20.16558053,21.36165629,22.03367068,18.79975908,20.42748575,17.48007227,15.29408222,17.25249913,17.77369943,15.91214086,18.51187617,17.60484276,20.42107143,18.63667772,18.47365423,20.304827,26.07594703,21.05672519,12.9155263
24.87276274,16.47035701,21.98700581,21.5433519,13.34568245,22.26458033,24.86739088,20.6247446,20.43313714,26.85462503,28.69124275,23.66749047,27.56874769,27.23268702,25.74728542,19.2418575,21.16877677,26.8568987,27.03372382,25.03554623,16.05820317,20.43576791,16.19617946,20.18539934,19.13753404,20.1121964,18.29751637,17.36132699,18.74673736,18.15493675,21.51168848,22.35200165,19.21399651,19.27004205,22.64678084,22.68322145,19.13584704,19.94247298,21.13151851,23.41619409,21.64798359,19.41087985,19.3651498,24.15196361,25.7023292,20.82635685,27.46918692,19.93735514,25.9927488,19.92032378,18.99694511,21.8345428,28.10885256,20.17140039,20.2546296,21.75031526,19.24561073,24.93868067,18.81722727,18.78717243,25.76181986,19.90669539,24.45104072,22.07495121,20.83649422,14.52967456,21.78712619,23.15300582,19.43335927,20.17207463,17.59811067,18.87853593,17.09384049,17.36498102,15.33374936,21.63831791,22.50462965,22.24118629,18.36983161,23.35353925,17.87621116,15.21443297,17.06535302,25.19065236,20.42237998,20.85313515,19.77253044,21.41524249,21.17079978,22.41802527,16.84158892,19.23032541,19.96561521,18.22849931,15.09461381,23.60167933,20.19804091,20.90786841,15.24008322,18.37890866,16.6024959,20.84231965,17.37898907,17.20502001,23.57003993,21.74654876,20.7326171,24.32363735,25.22364577,24.05351239,23.63937063,20.07147153,23.22174257,18.69011736,20.42305331,18.10173977,18.15049601,17.80653074,17.25978004,16.65543289,17.39947821,15.95196765,17.11586664,16.33729087,17.67037963,15.06288938,16.26658526,17.70535565,17.25785739,18.25274396,19.36405341,21.25857293,22.87754008,24.28075414,24.45438333,25.08421811,27.48813901,26.2507974,21.28808597,24.45322811,26.5540079,27.34890129,24.47309152,24.62664265,20.70889107,23.80912055,17.72850515,21.05320403,16.46072785,13.2313712,21.75648913,17.88321604,18.30757439,20.57703137,18.17638745,26.38803291,23.18930005,17.25141769,16.9990531,20.84231965,24.07224834,18.65355886,16.25203707,19.29833559,19.11998469,19.37561009,21.29814537,21.22720932,20.24176558,19.83022737,18.33496283,13.01872179,20.42749598,18.20049156,16.17027718,18.16856929,17.81815773,19.75450914,18.38998417,18.02451205,20.42318569,26.1432128,20.96623928,13.03921209
24.48756756,21.70526747,21.34657379,19.83183606,13.51963625,19.57075998,23.89190336,20.80669829,20.11082099,27.39898502,28.79574388,23.837347,27.85390024,27.5888563,25.8639499,19.75022283,21.57806628,27.72171438,27.31341258,26.13441882,16.13249973,16.50996052,13.66788769,20.98732162,14.15220561,21.19897732,19.46447196,17.58759441,19.2358997,14.20089861,21.24818876,22.6496191,13.27772328,20.17752173,22.74405098,22.46481967,18.88369932,19.75122694,20.13374428,23.38567088,22.12842706,18.64209049,19.62808593,22.21217545,26.05011458,21.13257943,26.97404877,16.77010894,26.39544897,0,16.76509181,22.26430371,28.03403775,15.32449702,20.65118399,21.28597108,18.74641591,25.68578589,19.61576612,17.7740921,25.72033469,18.9848412,23.8033049,21.82461308,19.42167861,0,20.12588764,21.98922955,18.70554127,20.48472556,17.57654339,20.45935957,16.51238555,18.05708214,0,21.80740996,21.97116883,21.91114069,18.78161905,22.0818634,16.69517391,14.71488943,17.45453225,24.69466889,20.25138417,21.23871436,18.30772112,20.87883674,21.02170047,20.22687195,14.94590101,18.89123191,19.49150866,17.35641758,15.32846457,18.52939242,19.85577337,20.58698726,17.0193301,19.21450174,17.17571522,20.09746893,19.16284613,16.52438867,18.52418969,19.34858337,18.80957346,24.61498886,24.69702805,24.19576876,23.16366104,19.59505711,23.17444998,18.8275567,19.59373943,17.21319917,17.77586101,17.61978295,17.60603645,17.36337336,17.71768981,17.05301373,17.19056741,16.86086874,17.0849433,15.24918754,16.05509175,17.13843181,16.89000296,16.55521821,18.45020844,21.08036214,23.2823573,24.89965153,24.06392422,24.10107601,27.14153362,26.23602779,20.10167181,22.54115311,25.57490532,25.92771981,23.03994248,23.9287626,20.63064574,23.58356062,18.07543214,20.82911648,16.91415152,15.17387229,22.3086776,18.19105921,18.43646349,19.26851916,18.01691708,26.29331975,22.58495126,17.47157202,15.31419377,20.09746893,22.15792327,18.06798048,16.93265307,18.20156878,19.70919154,18.99750754,21.30573614,21.67328406,19.53678221,20.42377044,17.73054974,0,14.40958982,17.8215311,15.89945134,18.5890659,17.91900878,20.26921459,19.32866616,19.03619508,19.26703124,25.57290769,19.52673503,0
25.3816185,21.92268529,23.21840848,20.83856919,13.82177398,21.21390992,25.10124432,21.20338923,21.10879306,27.20798708,29.2502108,24.75923067,28.31987609,27.32134359,25.65782327,20.09533649,21.48647662,27.13215238,26.909604,26.25430545,16.64458862,13.61321393,18.02093112,20.95989018,15.70222681,21.89130831,20.03158275,18.77690847,20.29298323,0,21.77064494,23.12401589,12.78708632,20.55787593,23.10943981,23.02625106,19.37454072,21.45034691,21.40067205,24.95450895,22.16057222,20.52374284,18.23384433,24.90832678,26.42903437,22.55879741,27.50288133,17.28183949,26.00253789,0,16.82151242,22.93707617,28.43812886,15.76435329,20.05704511,21.7841176,19.05499639,26.06269687,21.22789793,17.74893314,25.98445634,20.26065312,25.05668406,21.97690389,18.82016026,16.60667991,20.1905662,23.50196483,19.58860668,21.75739367,17.8340883,20.99107752,16.42127591,19.12210505,16.18696536,21.39761092,22.7638739,22.44191759,19.11015192,21.64756163,17.48870316,15.01196973,17.87862573,24.62542966,20.5024521,21.13238049,19.57574789,21.16618822,20.7059833,22.04671337,16.01159854,19.66208071,20.54352277,18.59890303,15.17359907,18.8517155,20.20897255,20.79237885,15.878003,18.49126594,16.68322766,21.42019257,18.50887412,18.270236,18.72541952,20.18215184,19.06499268,25.00170588,24.50859254,23.89954418,24.24113558,20.38505349,22.87370412,19.623067,20.75717675,16.84517149,17.85868526,17.26765539,16.75794987,16.57840218,17.09359294,16.07481046,17.38414292,16.12513091,17.41583253,15.28044456,16.21118487,17.33705563,16.89917988,18.40079607,18.60918956,20.60357111,23.18131713,24.02993178,22.43589734,23.51350316,27.33470931,25.78513142,19.01545317,22.80870951,25.65535867,26.10129661,22.47197804,24.44635937,20.52858193,23.0963933,18.17731247,20.56090933,18.20710491,13.29562546,22.64092075,18.06104943,18.87787423,18.17366738,16.81941822,26.53259024,23.13757094,18.66037897,17.15092732,21.42019257,22.5393716,17.97911813,17.58629005,19.31836848,19.31782109,20.63419686,21.47361063,21.56023113,18.96331663,20.7860566,19.66536021,17.28478796,14.86824382,18.64886311,16.1108503,18.12966538,16.85306584,20.85256761,19.23252633,19.0882603,20.57871266,26.33992618,22.13325606,12.98358904
24.975309,20.75315145,21.8928322,20.22082348,13.36618559,20.6951977,24.69104727,20.6708801,20.3960131,26.60206905,28.01781947,23.59170666,26.90815332,26.84734998,24.93645153,19.58076461,20.76959252,27.44966697,26.53807152,25.66155226,16.30187125,17.09917313,17.5208872,18.80061557,16.54964932,21.62922275,19.81944628,17.95730613,19.67537304,15.30438698,20.91531338,22.1166955,13.72866458,20.64422685,23.02549529,22.71128236,18.73753784,20.63009556,20.25358438,24.15301038,22.1388383,19.73151129,18.70589221,22.89182356,25.50054344,20.47487142,27.47656932,18.11666886,26.45379967,0,16.33781351,22.670755,28.42082328,17.65714396,19.86704944,21.47623397,18.93578949,26.01992351,20.48329818,18.04950293,26.0969154,19.80011153,24.40299739,21.66113483,18.94333612,15.29163838,21.3303983,23.15435057,19.52983467,21.15070487,17.31352966,21.08112516,16.6905846,18.81624619,16.37909064,21.25548275,21.7138727,22.64245477,18.65566698,21.54962112,18.0683007,16.72475364,17.66887114,24.41259756,20.86542896,20.71149726,19.1745722,21.18025034,21.60977752,21.29141411,15.85518481,18.65184353,20.87131345,18.99374832,18.11677037,20.03649427,19.95472029,21.0729595,15.24190869,18.93180227,16.57466743,21.09026493,17.63120548,17.58465427,19.87283116,20.43765354,18.54365869,24.5625128,24.90775122,23.90385786,24.69946544,20.3150998,22.13170156,18.93471598,21.46104673,18.61314917,18.75949488,18.30584355,18.0495827,17.44090971,18.11232241,17.20363477,18.54223462,18.31180595,18.73488159,16.36177247,16.81409424,18.70583147,17.6391711,17.35620263,18.1564584,20.86270091,22.93838774,24.47334426,24.87006143,26.28034666,28.05748722,26.47666233,23.6727649,26.70229458,26.9338064,26.07792444,22.97902791,24.97911093,20.8732556,24.24979726,18.39891066,21.66402404,19.72011063,14.10844278,20.70601872,17.03712865,18.43258268,18.62009809,18.85184052,25.9872983,22.85505,17.99292728,16.71916151,21.09026493,23.58512175,17.83314952,16.82238411,18.86378398,18.36992956,19.53456886,21.10450214,21.55794836,18.70841035,19.92955172,17.9103031,16.25244369,16.71100817,19.10599289,16.66849723,20.32573366,17.33975433,20.17191343,18.92569351,18.78777505,21.36801401,25.752421,21.3683354,12.87736867
25.16344565,20.00982315,22.65956676,21.90110148,14.44889063,21.93977504,24.81403804,20.89110431,20.67296997,27.15014247,28.47072312,24.11260201,27.38799117,27.1143433,25.29621772,19.64259116,21.26233863,27.18884232,27.22599083,25.68907808,16.27492408,20.48072118,19.45997586,20.06437438,18.97612776,21.37986061,19.36625817,18.80042914,20.51578741,17.59347866,21.31074978,22.42486057,17.40195445,21.13776917,23.82269228,23.07409049,19.4520059,20.9952351,20.75076995,23.8879813,21.95738514,20.05622624,18.5382003,23.42994212,25.95921433,21.23066725,27.85683816,19.14554412,26.55275863,0,17.63788428,22.90750703,28.67214034,19.04715853,20.34732832,22.21528859,19.67585197,25.85436728,20.61045987,18.96958888,26.23757868,20.45795193,24.7591006,21.80141432,19.64060859,14.44138803,21.89636936,23.44467787,20.0279087,21.43290223,16.7324192,20.34947346,17.08960565,18.24041869,15.86976251,21.15480142,22.69906045,22.83937047,19.50034397,23.12689932,19.87978963,15.69661441,17.83492775,24.90756649,20.63637504,20.80155128,19.50359285,21.34037878,21.60227931,21.7495409,16.86100207,19.15677439,20.90111069,18.88041757,18.10456292,23.3483301,20.26625926,21.07761048,15.72725573,19.01792571,17.35908035,21.39790595,17.41581603,17.72029771,23.30426455,21.12777775,19.84235802,24.55813451,24.98412232,24.17560703,24.76179047,20.0968927,22.24895658,19.40726776,21.60942811,18.70622619,19.39651489,18.2235304,18.43189338,16.87084631,18.01292456,17.01997072,18.23051774,17.59293145,18.32476508,15.97924654,16.62965544,18.3653442,17.56785212,18.25716222,18.88029798,21.0459869,22.98854133,24.72953149,25.10376487,25.69182415,27.55799968,26.23183346,22.39533879,25.40229287,26.51260688,26.46443144,23.42389748,24.88020871,20.74658813,23.82394512,18.23578053,21.5207539,20.93291326,14.37102788,21.78829935,17.85453971,19.71189883,18.90500498,18.57213767,26.00784676,23.51969324,18.4325052,17.02068701,21.39790595,24.31546021,18.63454874,17.05320469,19.31976913,18.52647249,20.01461715,21.82129052,21.50013435,18.91507992,20.29592808,18.441157,16.32389918,20.1602112,19.16637397,16.18464293,20.30773335,17.82185493,20.31005467,18.63513355,18.07731645,21.36387755,25.54386035,21.52683626,13.11463373
25.1484836,21.00673697,22.07318872,20.56498955,13.39981196,20.24611313,24.65451,20.57665687,20.72138461,26.59886325,28.24387025,23.66305824,27.51732209,26.85148186,25.31896113,19.55607191,20.84256135,26.76255146,26.57380892,25.21101873,15.9912561,19.01466345,17.76828773,18.80728573,17.56658924,21.05768242,19.08418814,18.42988889,19.91481138,16.35708803,20.38091441,22.16207503,15.74654056,20.41590988,21.6186996,21.49395803,18.82474747,20.41706135,19.5263101,23.63657561,22.24620971,19.95971192,18.90306393,22.87547546,25.75315841,20.76611395,27.43435822,18.40954425,26.9593209,0,16.81027037,22.68870642,28.32517655,18.02653965,20.12590025,21.57166007,18.40368613,26.17138476,20.22850166,18.51796536,25.70858293,19.86813076,24.63482606,21.65445073,19.21484558,16.09011242,21.72069099,23.21897393,19.88964952,21.09791317,17.15755418,20.8968224,17.07857823,19.35236677,15.64176954,20.92977996,21.98503862,21.7377697,18.72851844,21.64941846,18.0923339,15.7274153,17.61208377,24.32009366,20.26586796,21.85557037,18.78506607,20.8486069,20.83855226,20.87851947,16.08567992,18.44900352,20.59932448,18.70832952,17.81524568,22.19789547,20.57432281,20.99836937,14.93253773,18.25654503,16.99612036,21.5771176,17.80670694,17.1403505,22.13718035,20.62105829,19.20369212,24.19792643,24.55216735,23.98343317,24.96182567,20.24917828,22.82278573,18.95015432,22.34121448,18.57845378,19.63283017,18.60820067,18.46264605,17.46083981,19.26518465,17.90696104,18.52411315,17.64641808,18.09972278,16.35347423,16.06427964,18.82670985,17.57568696,17.53364152,18.41296259,20.36832421,22.79506007,25.17637615,23.90832087,24.02249659,27.2849651,26.05993149,19.87401776,22.08273931,25.86761214,25.9156215,22.47867163,24.10545562,19.73304512,23.23427394,18.92502121,21.5477978,23.0659157,14.878003,20.70014758,17.04573833,19.41201363,18.23478937,17.82814268,26.23100925,23.03499823,18.2604326,17.07872415,21.5771176,23.8945396,17.32085342,16.45853478,19.06693532,17.95949827,19.76314427,21.35850043,21.52541758,18.47284947,19.90062804,17.96649982,14.95914164,18.9013118,18.37472961,16.06071704,19.6586822,17.27418703,20.00472522,18.78249598,18.20731943,20.77205759,25.66415149,21.47679712,12.76535036
24.59792473,21.19281172,22.40133084,21.43842639,14.18355785,20.88113264,24.38877416,20.8986405,20.96481888,26.79221237,27.86961613,23.58501971,26.91855284,26.81084549,24.72025538,19.62188553,20.49893878,26.78053948,26.53501067,25.40838025,15.63656798,17.35520482,18.12300994,20.49599649,16.58827544,21.67028453,19.76530067,18.24296473,19.84666109,15.83812057,21.15882045,21.73548578,15.32885021,20.20174584,23.12868412,22.75589428,19.15448686,20.98261764,20.73554859,23.9861758,22.34250253,20.0827182,19.06981948,20.94191733,25.73177195,20.87052652,27.84124749,18.13996596,27.02616887,0,16.4680194,22.41276597,28.12471886,18.03717692,20.21967312,22.08397689,19.61178129,25.83377751,20.76973536,18.19485302,26.21696729,20.66296733,25.11046965,21.62178092,18.81594299,16.38473317,21.4706976,23.71488074,20.21497242,21.15543282,16.48200435,21.27635503,17.17114747,19.9402548,16.23446195,20.72759977,21.96638892,22.25951025,19.08950738,21.51993902,18.04985918,14.97122919,17.37855734,24.19223795,20.8512168,20.93527298,18.94408862,20.66190333,21.70659255,20.86992739,15.89791634,18.20394537,20.2652728,18.35328038,18.27871714,20.1748879,20.17221384,20.71262859,14.33998915,19.00281502,17.30132649,21.18185471,17.54422491,17.66129099,20.16682507,20.54376912,19.31705925,24.54435871,24.44742929,24.19276094,24.60965631,20.60678472,21.63881416,19.10414313,21.51050535,18.04640997,17.9773526,18.95459108,19.00854078,18.33346549,20.35119914,18.17586138,19.86731494,19.25781827,19.17469654,17.89959885,16.75496577,19.55507026,18.4732301,18.01851534,18.60733754,21.13633845,23.33387613,25.69426608,26.68026998,26.76071539,27.92347924,26.37860402,22.61369348,25.46339731,27.17432064,27.31254905,24.12001389,24.82851902,20.77329699,24.28229359,19.29181147,22.2432045,23.65487603,15.29723871,20.8022505,17.24252287,20.10837386,18.60213339,18.98539169,26.50712538,23.51824217,18.42936179,17.28444458,21.18185471,23.92115549,17.57731818,16.3933737,18.78646108,17.46684917,20.00920262,21.48558809,22.06808187,18.98685864,20.15253985,18.35786124,15.76603709,16.85565933,18.75561785,16.54541701,20.97368195,17.26389269,20.13450905,18.0109378,18.78511398,21.25116916,25.83845342,21.21049879,0
25.02009356,21.37335585,22.28639673,21.18389339,14.06423753,21.32108692,25.01119931,21.23531425,21.11467455,26.93304659,28.29458367,24.42319858,27.34255832,27.01516066,25.34992218,19.82893602,21.66578827,27.5558245,27.11673838,25.24458439,16.49163392,16.67330908,18.28608843,20.49631645,16.74491265,21.4515809,19.61765399,18.01181144,19.51060966,14.57358802,21.37939053,22.60392308,13.7874945,20.82347298,22.58676765,22.50313447,18.81736157,21.37501344,20.63283549,24.0534345,22.20194172,19.27814315,18.84537979,22.68272525,25.66381988,21.12737032,27.51579,17.67943886,26.30252132,10.1959873,15.37910757,22.7402133,28.42911348,17.35685599,20.35192377,21.74027116,19.14437694,26.1972247,20.3051032,18.24108007,26.37174725,20.24886337,24.76231223,21.90709017,18.65363583,15.85196859,20.75407113,23.44713608,19.56734525,21.51847788,16.55574247,20.76949809,16.86245575,19.30899888,16.71361474,21.24469772,22.00805344,22.45708449,19.01563011,21.60729374,17.93909707,15.66860803,17.32276438,24.61195488,20.76209326,20.21693764,18.98571132,21.6216079,22.12283589,22.21640336,15.59688857,19.01339083,19.9928858,18.17792071,17.5745344,20.90170659,20.01817301,19.39937598,16.171255,20.2048326,17.64572879,21.0943142,18.13268548,16.92809037,20.84019935,20.13038077,18.81738967,24.73360618,25.15280074,25.06067684,25.05332507,20.58758617,22.64612644,19.11931605,22.34169716,19.3442764,20.41586037,19.20450667,21.19081755,18.5871219,20.7805662,18.02555595,20.07754203,19.22980457,19.68190752,17.77577101,17.91808873,20.18890512,18.78752957,17.64517993,18.90363476,21.69035015,23.42101273,24.87741366,25.5697082,25.5899889,27.6519777,26.30026955,21.14568529,23.00438028,26.9977116,26.53606488,23.59215965,24.80761941,21.19752928,24.21152125,18.71880376,22.01751154,17.21234439,11.80976813,23.24702235,19.11969853,18.56667842,19.16485784,18.24179234,26.55600086,23.17189282,18.55658089,17.30889892,21.0943142,23.1388205,18.19704867,16.8836695,18.72779418,19.02239762,19.8102688,21.41929878,22.38910744,18.72786729,20.6592695,18.76334206,16.38262403,17.4562421,18.76103823,16.93483114,20.4449259,17.55294672,20.78089535,19.16833669,19.43684978,21.05336779,25.49826596,20.44433159,13.56269893
25.16952614,21.76939236,22.07964005,20.77551705,14.34921211,20.79955673,25.37688446,21.28237412,21.06711854,26.93612615,28.61508819,24.3724099,27.38490342,27.23712695,25.46092731,19.88740508,21.23995974,27.56196167,27.1882047,25.61192137,16.72935521,16.64662902,18.40486298,18.76678122,17.03020372,21.43681065,19.63392292,18.18857436,19.99608725,15.13767162,20.84157279,22.6434306,13.65631313,21.06821737,21.46428948,21.75834848,19.37126829,21.16438587,20.25369286,24.07904306,22.27166164,20.18915977,18.06364787,22.6347745,25.67239121,21.31482053,27.68369428,17.73564857,26.58264898,9.992938336,16.83207412,22.84410213,28.62630567,16.57994933,20.43904864,21.92983774,18.6240779,26.24407403,20.08698364,18.35920907,26.10945908,19.88172788,24.23251015,21.82014857,18.91060467,15.48564066,20.66623441,22.93829835,19.96974344,21.40070175,17.97879424,20.98588292,16.39156247,19.699403,16.39712309,21.13823367,22.25919587,22.56862254,19.0086119,21.72398543,18.01931924,14.35597044,17.76973455,24.8199042,20.75362727,22.00013999,19.82296442,21.14248479,21.47702647,21.51443524,15.87262679,19.1963812,19.98048966,18.20264997,17.16541737,20.93402915,20.26159568,20.84668175,17.17727353,19.72354596,17.83748627,20.95166819,18.11156872,17.387117,20.87307307,20.06015761,19.22638397,24.48810227,25.27304384,23.94576414,24.71472088,20.30506199,22.73404864,19.00609319,21.41382727,18.10176028,18.7114418,17.88490385,18.03548645,16.84615146,18.61039409,17.8646698,18.29640094,17.77018639,18.6339637,16.36411755,16.74703907,18.84701757,18.13053034,17.47960661,18.18325737,20.69529117,23.05477984,25.13509516,23.95377222,24.07107989,27.2864174,26.28107346,19.82155913,21.93567332,25.53947617,25.37398832,22.23239311,23.88782609,20.18438263,23.52538496,18.7554842,20.51724743,19.92992007,16.74140115,22.84022375,18.89729598,18.97026882,18.4064417,17.64080273,26.41783084,23.22457775,18.18109401,16.71553306,20.95166819,22.95490324,18.32691659,17.33380176,18.87043697,19.04977146,20.28763123,21.52349926,21.88469819,18.63919584,20.57810268,18.91362866,16.03492789,17.32414538,18.02214563,16.78238399,18.59420431,17.63033823,20.78192236,18.78838061,19.26131447,20.85757103,26.0368691,20.92148895,0
25.17264988,22.03752651,22.35470486,20.2092344,14.57400214,20.68426493,24.93642187,21.02320883,20.67210762,27.60087957,28.78303404,24.25356743,27.26015286,27.26028658,25.45396087,19.6118083,21.23406778,27.30978019,26.79388606,25.8709407,16.64416611,15.0127991,16.42236048,20.54738598,12.99506047,21.70496955,19.7668443,18.25739245,19.87798204,13.88025314,21.20266969,23.02230143,13.65374078,21.25600304,24.16898399,23.33284555,18.73864977,20.69077555,20.54869399,24.08863015,22.39813331,20.5446532,19.31306681,22.95706891,25.65513671,21.25195273,27.96562028,17.64891225,26.72891495,12.96920662,16.47373745,22.67236081,28.44008874,16.31583946,20.41592328,22.22180245,19.14438192,25.73294871,20.14110678,18.01654716,26.53445388,19.66655343,24.30116354,21.74053182,18.54140673,14.23354478,20.98764845,22.628456,20.12272564,21.2937837,17.02326705,20.94185716,16.05133641,19.68810173,16.10736013,21.10697564,21.71611066,22.40030618,19.32857852,21.75746733,17.34290803,14.90086681,17.97359648,24.64228856,20.81293561,20.96747395,19.61123197,21.03974506,21.37631885,21.23816796,15.99183182,18.9902037,20.37282362,18.44230369,17.65433534,18.32565681,20.03145353,21.17078023,16.85166365,19.46616013,17.3219369,20.78678012,18.15805737,17.28717127,18.30255861,20.12427532,18.52105212,24.38701883,25.20049811,24.28915583,24.51461107,19.84828061,22.76102585,19.39144709,21.33406428,18.10036975,18.73853432,18.21277184,17.53554877,17.49198615,18.44101106,17.55858514,18.34727965,17.60352493,18.4795474,16.09953274,17.04718783,18.71064839,18.16016195,17.71498331,18.09581422,20.53585913,22.42769111,24.8251609,23.54342093,23.74129796,27.37429068,26.26837664,19.03230138,21.92346858,25.34982063,25.90082616,22.21177455,24.28853993,20.17996739,23.56084719,18.50365495,20.84364277,20.27479558,15.3372386,21.53130387,18.01366616,18.72214379,18.60686422,17.14453876,26.27531075,23.57849627,17.39894405,16.59546147,20.78678012,23.24957355,18.14456365,17.23752742,19.25581926,19.09754866,19.70003664,21.83361629,22.44215964,18.847611,20.62748936,18.14328355,15.57133788,14.79207853,17.68229512,16.3876808,18.78469235,17.84577792,20.74218853,18.4766592,18.83569886,20.63947408,26.08204094,21.27282638,0
24.54828978,18.47964608,21.77003956,21.1277683,14.07196507,21.41073703,24.22704483,20.17472701,19.85904789,27.41628999,28.71782121,23.18160376,27.19871294,26.95838745,25.20272084,18.98444349,21.06636713,26.44591654,26.78429408,25.90429754,15.12258537,19.42692195,17.28029956,20.00424516,18.90641796,21.22457937,18.48409123,18.09314414,19.63058176,17.840071,21.11530215,22.42192741,19.06449806,20.24518477,22.0445979,22.12172669,18.44048801,20.2030062,20.99298534,23.52587836,21.71410295,19.81172432,20.13754405,24.58225795,25.55466962,20.73154775,27.26331857,19.18934922,26.2615744,18.6720489,18.31087457,22.0437746,28.22072154,19.84680645,19.78004149,21.60620593,19.27536977,25.08303456,20.19395722,18.61106443,26.1465713,20.62356897,25.06525378,21.93649776,20.44220344,14.92666663,20.96316209,22.89441202,18.85197164,19.50943676,17.27701491,19.45822836,14.49685378,17.35948363,14.59869226,20.94431028,21.97107128,21.75531793,18.90751859,23.31498823,18.95020274,17.08866403,16.36801188,24.9849728,20.39261825,20.05608596,19.36292409,20.6948926,20.5502752,21.70808446,16.96937528,18.0919725,19.21889428,17.05097521,14.80599572,23.41322414,19.6088179,20.74823217,15.3610185,17.93777035,16.87261477,21.13825492,17.55225632,17.5535768,23.395114,21.31211795,20.18747531,24.08549556,24.56219193,23.92925669,24.24686967,19.79442221,22.70243249,19.61021563,21.2706341,17.89443885,18.77763097,17.55614677,18.15725317,16.87158042,18.27954257,16.85234663,18.3387712,17.40540742,17.76116812,15.92223595,16.29235758,17.8891712,17.37750711,17.58581345,19.248143,21.68253002,23.16438157,24.99994277,25.48812401,25.51347416,27.4521739,25.84339677,22.4171461,25.119744,26.3654626,27.15474107,24.29485608,24.8836962,21.26981041,23.97183777,18.12680528,21.50682184,18.9589831,13.70249739,20.90016293,17.07885964,18.20084115,19.71797423,18.08071866,26.15930331,22.91620258,16.97740292,16.13430598,21.13825492,23.06812469,18.45879108,16.23946801,18.81858842,17.88404528,19.05399215,20.93543342,21.53843857,20.48050623,19.83783425,17.48354027,16.07313738,20.1739845,17.54312247,16.43758954,19.43583098,18.35814035,19.40830693,18.02354321,18.00185347,21.1379161,25.83909191,21.19717814,0
24.09138268,15.71042979,21.29321623,21.27383543,0,21.53071732,24.01425847,21.37983047,19.64540865,27.37444325,28.33905602,22.86762093,26.22911788,26.85853461,24.53477241,19.3379202,21.82611629,26.74240495,26.37803872,25.84062257,15.52169245,18.55821142,16.37892136,20.74766278,18.39942397,21.14847596,18.81493288,17.22834899,19.12993448,18.47469222,21.85706448,21.81402694,19.80656378,19.07046428,23.69280075,23.23159826,18.13338809,19.77239351,18.76683944,23.24851785,20.09050401,18.37251227,19.91898112,24.49665273,25.5321812,19.99914947,26.55132154,19.82862463,26.29629106,19.67173109,18.52998714,21.34691189,27.62833446,16.88445674,19.24129425,20.9542872,19.52455128,24.89150056,19.37039794,18.55880185,25.42003348,20.01632815,24.36044867,21.77451282,21.27655042,0,20.90126245,22.7854834,18.00005503,20.60323151,16.85687533,17.84504281,16.65971722,16.76243395,16.4602959,21.41221371,21.38507561,21.30022183,18.57560203,24.05358282,20.02371104,15.14537495,16.82754119,25.97909542,21.25457424,20.48984208,19.92285585,21.19175445,19.92441819,22.24006721,17.09677691,16.52483245,17.84136164,15.94395703,15.39285404,23.13634252,17.67303297,19.00014033,16.1028369,19.10611561,16.63188754,18.60669076,17.81118652,17.3393107,23.01020778,21.80162351,21.12124956,25.35297134,24.27753551,23.24604077,23.37227512,21.87506762,21.66104738,18.93353218,20.35624777,20.66233546,19.31748549,17.38008898,19.01365526,17.12220113,19.79724672,16.95842811,19.68536135,18.44398359,19.35604569,17.37021912,17.44228749,19.81876159,18.13189212,18.15177468,19.23614035,21.87245395,22.86075529,24.5913214,27.56059873,27.38143034,28.28857507,26.41759137,23.04544639,25.61945793,27.67726038,27.5928885,24.96582263,26.17872576,22.72077468,25.05784109,18.71152583,22.97464372,16.81206447,13.35328469,24.14705,19.85538255,18.36915001,20.69545261,19.53849019,26.70462073,22.2524613,16.95415086,15.68110112,18.60669076,22.85365317,19.52366341,17.08896418,18.81048064,15.85632826,16.88125738,20.97304637,21.34934657,20.25458347,19.22572758,16.73880477,14.35899453,19.87561438,16.44650179,14.17695227,21.55274742,18.50803846,19.10941494,18.18666559,19.47327569,19.79596988,25.16198415,16.95047518,0
24.78529785,20.3751784,21.21125974,20.22101472,0,21.51043919,24.56853771,21.51274432,20.15427052,27.01159514,28.53680398,22.72469516,26.41572058,26.62930349,25.17811769,19.54810506,21.13013627,26.53213302,26.1016637,25.64772984,15.26817646,19.73511635,16.36249181,20.0300865,17.84467512,21.06570801,18.40102949,18.35393507,19.0187571,17.32286998,21.09797359,22.69032606,18.44924136,20.03729626,24.12261246,22.78778521,18.03107116,20.01388693,19.79133303,23.13726964,21.12459907,19.04227657,19.49707411,24.03625588,25.63967028,20.26466823,27.4650743,18.78136292,26.34259631,14.69190706,17.85500227,21.58898266,27.85244243,16.63381829,20.03402649,21.72435855,17.76511772,25.47420709,19.78076081,17.47233387,25.36496109,19.48274298,24.11406232,21.64796647,20.09623129,0,21.2158138,22.56250121,19.15983932,20.36354126,16.56456632,19.49740358,15.64247482,18.1290767,17.14323372,21.27680539,21.56320512,22.03951449,19.19747349,22.7880936,19.30740095,15.04230063,15.5865173,25.45747115,21.04276752,20.33499992,18.95025116,21.0760764,20.75795231,22.14696792,16.67093281,17.83611818,18.97257319,16.51328038,15.71866665,22.48328021,18.69214211,20.27878633,13.68770373,17.78324126,15.24644372,21.160831,17.40137954,16.68314541,23.20888045,20.23680954,19.89121707,24.96886429,24.8281374,22.93286083,23.44186226,20.22899831,21.41645789,18.82787917,20.66807474,18.16331062,17.79856673,17.03248703,17.69530986,16.3698018,18.76959252,16.7332537,18.62599416,18.44235634,19.00707929,16.69866398,16.44705093,19.54002206,17.86402287,17.59261763,17.90716648,20.06330949,22.59275197,24.47823039,24.49790829,24.57293257,27.08691609,25.99146893,20.72061501,22.95736193,25.85635331,25.70917189,21.98340142,24.38188714,20.65901247,23.1973163,17.70789158,20.57300269,17.83182678,13.86997933,21.1694816,17.04269606,18.21408666,18.52099459,17.55177584,26.03970409,23.09328586,17.55528563,15.54653278,21.160831,22.86744975,18.99843893,16.55928746,18.45693991,17.35622842,19.37736094,21.37450145,21.86723952,18.70432246,19.29499311,16.67921892,15.53642936,19.38165278,17.03476673,16.07700344,19.48774388,17.81420692,19.00808662,17.90064278,18.74766852,20.98055521,25.87727601,20.58395422,13.18542551
24.94957735,20.35544574,21.43412017,20.82115114,14.26451591,22.36835965,24.97069955,21.66922764,20.7625556,27.53797453,28.73208608,23.53261739,26.65828947,27.22609284,24.94286029,19.92995473,21.27609543,26.4557155,26.62551267,25.85297398,16.53436368,20.61524796,17.64805558,20.55195979,19.08684632,21.45366501,19.6094493,17.43993637,19.08208146,18.17682569,21.26441969,22.62207573,19.81230737,20.29349298,24.48914905,23.45539658,18.90096407,20.39941562,19.92085148,23.69098553,21.30821958,19.41249542,18.19374191,24.90545307,25.6835812,21.23998071,27.42297437,19.3752813,26.0984236,0,19.28404915,21.88152028,28.27647117,18.43594692,19.97686894,21.64377165,18.88491279,26.18594211,19.59148034,18.19495399,25.88531248,20.21880089,24.97057449,21.81653098,20.74285545,14.50791849,21.81885363,23.45395971,19.50858982,21.02406019,17.34323777,19.34733156,16.16400339,18.21252488,17.01144567,20.71124685,22.17224589,22.22697099,19.00486509,23.62044168,19.94587387,16.37119809,17.40623823,25.77344966,21.07222618,21.10016761,19.51928879,21.24644604,21.08775223,22.95943795,17.77623382,18.17171923,20.00338752,18.05451953,15.54644234,23.65166762,19.31516504,20.86307993,15.06907209,18.27657881,16.23965446,21.47693948,17.57349187,17.06323707,23.54330882,21.13437681,20.39429416,24.5034335,24.77091302,23.38379643,23.54253091,21.03180753,21.32464204,19.82863237,20.81185678,18.52013523,19.20348183,18.00305667,19.05461757,17.5321961,20.05040136,17.1962371,19.63352565,18.53649387,19.44817883,17.23153996,17.41590678,19.48430172,18.30666251,17.45440373,17.72666388,20.80666211,22.75347365,24.13993685,25.81318672,25.94248961,27.67622282,26.49444932,21.88482114,25.01884898,27.28364291,27.18513246,23.96869606,25.09731497,21.48055504,24.23742684,18.53656975,22.2301439,18.35287967,0,21.14731922,16.53519942,18.0422739,19.3960821,18.82511717,26.31008611,23.04244826,17.86286131,16.33443043,21.47693948,23.96576588,19.51334208,16.77643303,19.35754556,17.27076982,19.50224522,21.30322333,21.98975309,18.3203246,19.7973148,17.46980078,16.48562494,20.41368577,18.52688126,15.68641845,20.66833621,17.80194197,19.7530943,18.28066657,19.4080498,20.78610208,25.50437552,21.33782508,13.62970213
24.42718514,20.87808385,20.89937684,21.21181939,14.06760242,20.49185603,24.31273294,21.70296655,20.7557963,26.57290941,28.02004413,24.07117648,26.49374994,26.65684076,24.76402222,20.33279271,21.39068591,26.27999596,26.31453113,25.30732469,15.61749616,20.31012791,19.03079913,19.78742116,19.19174843,21.84292499,19.94494364,17.85637081,19.49577892,16.74132214,21.62099567,22.27403485,16.89495983,19.10602868,22.53026177,22.5315854,18.90659998,20.8883843,21.30205874,23.50563386,20.84530704,18.3471888,18.52752282,23.16953604,25.70992438,20.74601809,27.38866705,17.40380261,26.23323195,13.17617315,17.38045261,21.94258752,27.77765377,16.51811524,20.08636303,21.6866091,19.89073036,25.5885211,19.27729648,16.83837914,25.22092246,19.45204211,23.77263705,21.35676144,19.62472943,15.60177079,19.44957991,22.6999043,18.88627411,21.11457225,17.72533297,19.74038688,16.44031767,18.71847602,15.51542265,21.08205351,22.25549226,21.8101515,18.60162935,22.48483592,17.76578465,14.95360537,16.68595328,24.37870874,20.45059006,20.11105159,18.29305398,21.39057886,21.41108319,22.10773398,15.60478486,17.75535053,18.12149811,16.42657599,14.37381675,23.24867434,18.95698014,19.91064859,15.0145436,18.75757882,17.03804018,19.74721121,17.81285416,17.05556842,23.27490973,19.29707075,19.19665015,24.87218408,24.6208594,22.89753252,22.86008121,21.00872815,21.18027159,19.01853708,20.32170354,18.61204777,19.44517048,17.32249154,19.85038526,16.80269306,20.62511307,16.97970429,20.49421788,19.07794487,20.28119654,17.58203169,17.97977127,20.12178391,19.19175324,17.75345834,18.67755793,21.39760779,23.08792069,25.59535638,27.45197432,26.94824429,28.33051957,26.6405407,23.154379,25.195198,27.8116008,27.88799468,25.09078685,25.65969455,22.36332122,24.87870687,18.24302053,22.82585416,16.48868747,0,21.9125601,17.58196552,17.84849458,19.14199484,19.6532772,26.4656909,23.08740101,17.70896935,16.52513843,19.74721121,22.39793257,17.83178968,17.11025899,18.5761337,16.8961195,19.05605552,21.39436587,21.40896096,19.07765025,20.28944708,18.54141429,15.37785445,20.05175991,17.65123392,15.25107552,22.27579686,17.40177117,20.27023943,16.9004659,19.06578688,20.16550938,25.54234129,19.14850218,13.27860926
24.25665566,16.60692566,21.37029629,21.76880219,13.54024915,22.23293789,24.09965144,21.93571864,20.05704908,27.4601774,28.40523009,23.29827979,26.2632258,27.0754446,24.56122658,19.96186085,21.48805194,26.63411255,26.20193363,25.87899023,15.60516117,20.82645539,17.73146488,19.54892536,19.87945911,21.35367667,19.81901741,17.03944388,18.81354636,18.89960475,22.09193215,22.37527997,21.54296997,18.06922422,21.67644222,22.04298522,18.24288102,20.63650868,21.45774458,23.81606988,20.33598127,18.41473891,18.88132909,25.1578833,25.36294117,20.14446781,26.98341592,20.14131138,26.47121349,20.33796592,19.95356985,21.2988496,27.53118095,19.10960879,19.63270061,21.11897465,19.891582,25.18545504,19.74725875,18.75723699,25.15949563,20.17935029,24.4975106,22.26919946,21.50083459,14.45320632,21.99790648,24.12545155,18.72438062,20.40372357,16.82211021,17.37514127,17.82437457,16.41440446,16.14670788,21.22603758,22.13151883,21.74470821,18.73445163,24.17028062,19.28724568,16.1585308,16.90754792,26.49368979,21.14924475,19.36015694,19.88541934,20.86893858,21.61012415,23.40120205,17.22171927,16.75823623,18.65674606,16.90045411,16.12845758,22.98306997,18.02270916,19.15146999,16.79395886,19.41431361,16.78922796,19.15799571,17.57753209,16.79930692,22.93574579,22.00922005,22.15848919,25.30618559,23.8416489,23.59479032,23.33603045,21.99094046,21.7300202,18.92656529,20.43865583,20.96539186,19.15355451,17.00672054,19.92140223,16.72148641,19.67211798,17.21141305,19.088237,17.93582113,18.74438384,16.73109359,16.84803604,19.11251332,17.88195635,18.00837391,19.1358821,21.81381602,22.1380702,24.83128226,26.93096433,26.91811604,27.79921057,26.3892072,22.30273513,24.76513325,27.46949281,27.2083788,24.02818726,26.30979338,23.10562418,25.01870723,18.09638573,22.65270692,19.66682038,17.86494783,27.46266537,23.45702624,18.09196217,20.79173126,18.61497219,26.8533643,22.46263482,18.37110022,15.91134517,19.15799571,24.43033265,19.99602517,17.62201606,19.23199926,14.99156613,18.18796093,20.70748889,20.9315967,20.25424898,19.28467502,17.94397419,15.39446269,19.78712779,17.53813587,15.63837935,20.5749972,17.49381637,19.04108426,18.11569395,19.94191733,20.27335739,25.47871948,17.62939487,0
24.45575959,21.81269594,20.75222137,20.34349045,14.17874265,19.64834178,23.81241873,21.93113822,20.61664845,27.4596202,28.37435867,24.05945611,26.79965525,27.25248102,24.92636554,20.54618137,21.91276657,27.3460052,26.48770367,26.44994997,16.24207622,15.44125833,16.49722813,19.97760276,15.63279645,21.56107347,19.63439985,17.9002772,19.47947438,14.6513881,21.02864466,22.15961946,14.05841459,19.74393535,23.10817794,22.75211334,18.67035543,20.85222698,17.28982078,23.80181303,21.17406133,17.82661055,0,22.32172913,25.73311452,21.3799066,27.00821318,16.69294236,26.2356194,0,16.42729647,22.19543108,28.1601189,0,19.37222529,21.27036719,17.9004718,26.53749577,20.01590093,18.58838525,25.75494348,19.80322615,24.06110638,20.66428668,18.97293493,13.94260614,19.66498192,22.22793611,18.82915288,21.04659915,17.24892821,20.40432146,17.39938642,19.0063206,16.5526691,21.88546104,21.60939024,22.22794698,19.12165239,21.70393314,17.5385224,14.73645478,16.88850544,24.97344632,20.60568749,19.97435717,18.07995347,21.07348065,21.44426776,21.98675173,16.00540525,17.2087297,17.74171714,16.0569975,14.77817982,19.46475911,18.24288567,19.81998414,16.6696325,18.61907006,16.71744884,18.28777099,18.46005187,15.87678071,19.3917827,18.9217073,19.40724494,24.86991228,23.82950897,23.92316034,23.4163075,21.41908425,22.11663808,18.55299173,20.38452661,19.39155408,19.08404796,18.15402199,19.74481906,17.52913311,20.97605222,17.99480642,20.27442821,20.06652677,20.32218343,17.95444625,18.1827629,20.56767204,19.45104606,16.52605597,17.99536968,21.06287554,22.62143821,24.54438229,26.37864139,26.19023411,27.49174777,26.48302985,22.74970926,23.72190388,26.94411826,26.67929567,23.52758069,25.63380945,22.24381348,25.10093005,19.07999512,23.0826763,19.31023333,13.18673329,22.08800628,17.77284935,18.14831272,18.15226999,19.66499754,26.45712792,22.6891259,17.70320065,17.11485054,18.28777099,21.7884065,18.60704851,18.13208297,17.95179694,16.81804536,18.67669745,20.80626089,20.81477802,17.25001152,20.22390508,18.21330361,14.78662699,16.11522658,16.85261485,15.2721559,22.00937725,17.57795983,20.56781499,18.30370495,19.80397027,19.93373531,25.14954297,18.53574679,13.41035883
23.8095818,15.96582937,21.89801159,22.00305324,13.26517549,22.5857298,25.07207162,21.19887603,20.75810363,26.5573138,28.03832831,23.15227556,26.81579284,27.05234973,24.66290232,19.27219692,21.06172782,27.18280669,26.74527796,25.27079794,15.72192692,21.27152344,18.55432654,20.34217995,19.62892962,21.64563864,19.68561457,17.87063563,19.59091776,19.2514408,22.34068058,21.78558138,20.27977946,18.43042805,20.9888289,21.74020033,19.52395815,20.62608152,21.33730394,23.72931527,21.05842912,18.93631012,18.83691639,25.12407488,25.90421346,21.19645985,27.12701264,20.26597323,26.12029984,16.47221485,19.24223442,21.10716726,27.64061102,21.23913873,20.55826468,21.44572316,19.86523487,25.71399341,19.55752914,18.92953582,25.02604877,20.41470175,24.81992223,22.15830674,20.96643715,16.77873168,21.85802161,23.52809958,19.48885807,20.18221975,18.28355414,16.87694854,16.13079174,16.14194746,15.71378924,21.12791437,22.6863849,22.26560675,18.83960056,24.47679941,20.8587103,14.91690578,17.45222515,25.7194816,20.45778064,20.8823087,20.52151418,21.06226688,21.2063902,23.05334061,18.84157049,17.71762288,20.69710077,18.82752568,15.46591709,22.89597441,19.77434149,19.77959754,15.99335859,19.47323406,17.63393887,20.49249576,18.14628028,18.12933333,22.88059525,21.21705069,21.21954788,24.70642314,24.65704095,23.81664708,23.5436876,21.74804499,20.91951586,20.47060029,20.74048323,20.28496075,19.18541265,18.48375674,18.82017896,17.30501968,18.71734843,16.39206581,18.58637436,17.47292084,18.0563096,15.71555988,15.76162914,18.14322874,17.1496479,18.13049012,18.71141492,21.44248341,23.49810745,25.07577654,26.45107558,26.22824091,27.91912763,26.57990315,21.78200877,24.28613787,27.57874563,27.40875937,24.32990122,25.41648718,21.61066938,24.46815622,18.33958038,22.46408777,20.0434906,16.65736032,24.67242389,20.6840029,19.22340077,19.28409435,18.81573352,26.71801596,22.7870335,17.85060807,15.6389732,20.49249576,24.61860691,19.04269072,16.43604456,19.24702351,17.02909307,19.35886364,20.99738556,21.04006492,19.00813314,19.44095633,17.5988885,15.74425572,19.58919394,19.32986421,15.55425908,20.77973138,17.18937094,19.41731894,17.60776375,19.7063122,19.82402333,26.13235344,20.29539551,13.18101284
